LakeID,Lake_Name,Sample_Date,Info_Type,Ammonia_mg.L,Calcium_mg.L,Extracted_Chl_ug.L,Secchi_Depth_m,TN_mg.L,TDN_mg.L,pH,TP_mg.L,Conductance_umho.cm,Temperature_Water_C,True_Color_PTU
0703DER0139A,De Ruyter Reservoir,08/20/2006,OW,0.04473,NA,10.11,NA,0.61024,NA,7.63,0.0022,157.2,24.5,12
0703DER0139A,De Ruyter Reservoir,06/19/1993,OW,NA,NA,9.08,NA,NA,NA,8.09,0.003,172,19,8
0703DER0139A,De Ruyter Reservoir,09/18/2005,OW,0.005,NA,3.9,NA,0.085,NA,7.82,0.0053,155.5,22.5,5
0703DER0139A,De Ruyter Reservoir,07/24/2005,OW,0.005,NA,2.5,NA,0.149,NA,7.69,0.006,159.7,26,10
0703DER0139A,De Ruyter Reservoir,06/15/2016,BS,0.049,NA,NA,NA,NA,NA,NA,0.0063,NA,19,NA
0703DER0139A,De Ruyter Reservoir,08/30/2015,BS,0,NA,NA,NA,NA,NA,NA,0.0063,NA,24,NA
0703DER0139A,De Ruyter Reservoir,06/10/2018,OW,0.071,22.7,1.4,NA,0.417,0.463,8.08,0.00635,192.6,22,5
0703DER0139A,De Ruyter Reservoir,08/05/2007,BS,NA,NA,NA,NA,NA,NA,NA,0.0064,NA,21.5,NA
0703DER0139A,De Ruyter Reservoir,08/17/2009,OW,0.011,25.1,1.4,NA,0.203,NA,7.14,0.0064,112.6,27,23
0703DER0139A,De Ruyter Reservoir,06/15/2016,OW,0.064,NA,0.7,NA,0.204,NA,7.94,0.0066,150.9,22,9
0703DER0139A,De Ruyter Reservoir,06/10/2018,BS,0.056,NA,NA,NA,NA,NA,NA,0.00685,NA,20,NA
0703DER0139A,De Ruyter Reservoir,06/21/2010,BS,0.052,NA,NA,NA,NA,NA,NA,0.0069,NA,17,NA
0703DER0139A,De Ruyter Reservoir,06/26/2005,BS,NA,NA,NA,NA,NA,NA,NA,0.0069,NA,18,NA
0703DER0139A,De Ruyter Reservoir,06/16/1996,OW,NA,NA,17.3,NA,NA,NA,8.22,0.007,178,23,5
0703DER0139A,De Ruyter Reservoir,06/18/1995,OW,NA,NA,1.68,NA,NA,NA,8.16,0.007,186,21,4
0703DER0139A,De Ruyter Reservoir,07/09/1988,OW,NA,NA,1.46,NA,NA,NA,8.04,0.007,178,24,5
0703DER0139A,De Ruyter Reservoir,07/13/2008,OW,0.11377,NA,1.11,NA,0.291071,NA,7.48,0.007,129.4,24,NA
0703DER0139A,De Ruyter Reservoir,06/27/2018,BS,0.015,NA,NA,NA,NA,NA,NA,0.0071,NA,21,NA
0703DER0139A,De Ruyter Reservoir,07/29/2002,OW,0.045,NA,2.9,NA,0.412,NA,8.14,0.00715,180,24,11
0703DER0139A,De Ruyter Reservoir,06/26/2005,OW,0.005,NA,10.7,NA,0.19,NA,7.94,0.0072,176.2,25.5,12
0703DER0139A,De Ruyter Reservoir,06/29/2008,BS,NA,NA,NA,NA,NA,NA,NA,0.0073,NA,19,NA
0703DER0139A,De Ruyter Reservoir,07/17/2008,OW,0.0154,20.8,NA,NA,NA,NA,NA,0.00735,NA,NA,5
0703DER0139A,De Ruyter Reservoir,07/08/2012,BS,0.085,NA,NA,NA,NA,NA,NA,0.0075,NA,NA,NA
0703DER0139A,De Ruyter Reservoir,08/09/2008,OW,0.002,19.13,1.81,NA,0.155127,NA,7.4,0.0075,120.6,24,15
0703DER0139A,De Ruyter Reservoir,08/24/2008,OW,0.01058,NA,1.23,NA,0.214415,NA,7.9,0.0075,115.7,25,14
0703DER0139A,De Ruyter Reservoir,08/12/2018,OW,0.012,21.4,1,NA,0.3245,0.327,6.84,0.0076,125.5,27,12
0703DER0139A,De Ruyter Reservoir,09/27/2004,OW,0.0136,NA,1.4,NA,0.7088,NA,7.58,0.0076,103,20.5,1.5
0703DER0139A,De Ruyter Reservoir,07/11/2004,OW,0.0108,NA,3.1,NA,0.1911,NA,6.74,0.0077,179,25.5,NA
0703DER0139A,De Ruyter Reservoir,06/27/2018,OW,0.022,NA,0.4,NA,0.4405,0.451,7.44,0.00785,204.5,21,6
0703DER0139A,De Ruyter Reservoir,09/20/2009,OW,0.0055,NA,1.3,NA,0.232,NA,7.12,0.0079,114.5,20,14
0703DER0139A,De Ruyter Reservoir,07/20/2014,OW,0,NA,2.5,NA,0.196,NA,7.655,0.00795,120.65,25,NA
0703DER0139A,De Ruyter Reservoir,06/19/1994,OW,NA,NA,1.63,NA,NA,NA,8.05,0.008,169,21.5,4
0703DER0139A,De Ruyter Reservoir,07/15/2001,OW,NA,NA,6.05,NA,NA,NA,7.6,0.008,193,20.5,0.5
0703DER0139A,De Ruyter Reservoir,07/24/2005,BS,NA,NA,NA,NA,NA,NA,NA,0.008,NA,18.5,NA
0703DER0139A,De Ruyter Reservoir,07/28/1991,OW,NA,NA,4.33,NA,NA,NA,8.27,0.008,172,24,3
0703DER0139A,De Ruyter Reservoir,08/12/2001,OW,NA,NA,3.18,NA,NA,NA,7.39,0.008,186,26.5,2
0703DER0139A,De Ruyter Reservoir,08/13/1988,OW,NA,NA,3.03,NA,NA,NA,8.33,0.008,157,27,5
0703DER0139A,De Ruyter Reservoir,09/10/1995,OW,NA,NA,4.12,NA,NA,NA,8.05,0.008,180,19,5
0703DER0139A,De Ruyter Reservoir,07/10/2005,BS,NA,NA,NA,NA,NA,NA,NA,0.0081,NA,20,NA
0703DER0139A,De Ruyter Reservoir,08/29/2018,BS,0.021,NA,NA,NA,NA,NA,NA,0.0081,NA,25,NA
0703DER0139A,De Ruyter Reservoir,08/16/2010,BS,0.052,NA,NA,NA,NA,NA,NA,0.0082,NA,NA,NA
0703DER0139A,De Ruyter Reservoir,09/05/2005,BS,NA,NA,NA,NA,NA,NA,NA,0.0082,NA,20,NA
0703DER0139A,De Ruyter Reservoir,09/30/2018,OW,0.037,NA,2.2,NA,0.364,0.385,7.13,0.0083,149.7,20,5
0703DER0139A,De Ruyter Reservoir,06/27/2004,BS,0.0165,NA,NA,NA,0.3213,NA,NA,0.0085,NA,NA,NA
0703DER0139A,De Ruyter Reservoir,07/20/2016,OW,NA,NA,0.8,NA,0.182,NA,7.75,0.0085,165.9,25,15
0703DER0139A,De Ruyter Reservoir,07/27/2008,OW,0.002,NA,2.33,NA,0.193966,NA,7.17,0.0086,91.09,25,13
0703DER0139A,De Ruyter Reservoir,09/08/2008,BS,NA,NA,NA,NA,NA,NA,NA,0.0087,NA,21,NA
0703DER0139A,De Ruyter Reservoir,09/27/2004,BS,0.005,NA,NA,NA,0.4242,NA,NA,0.0087,NA,NA,NA
0703DER0139A,De Ruyter Reservoir,06/12/2005,OW,0.005,25.2,5.3,NA,0.138,NA,7.08,0.0088,127.4,26,26
0703DER0139A,De Ruyter Reservoir,06/18/2017,BS,0.061,NA,NA,NA,NA,NA,NA,0.0089,NA,21,NA
0703DER0139A,De Ruyter Reservoir,07/18/2010,OW,0.02,NA,1.7,NA,0.364,NA,7.24,0.0089,174,26.5,12
0703DER0139A,De Ruyter Reservoir,09/20/2009,BS,0.0055,NA,NA,NA,NA,NA,NA,0.0089,NA,NA,NA
0703DER0139A,De Ruyter Reservoir,06/05/1994,OW,NA,NA,3.72,NA,NA,NA,8.24,0.009,168,18.5,4
0703DER0139A,De Ruyter Reservoir,06/17/2001,OW,NA,NA,5.45,NA,NA,NA,8.36,0.009,192,23,2
0703DER0139A,De Ruyter Reservoir,06/24/1990,OW,NA,NA,5.44,NA,NA,NA,7.43,0.009,186,20,5
0703DER0139A,De Ruyter Reservoir,07/01/1989,OW,NA,NA,3.57,NA,NA,NA,8.18,0.009,180,22,7
0703DER0139A,De Ruyter Reservoir,07/03/1995,OW,NA,NA,2.76,NA,NA,NA,8.15,0.009,186,23,5
0703DER0139A,De Ruyter Reservoir,07/08/1990,OW,NA,NA,5.44,NA,NA,NA,8.22,0.009,178,20,3
0703DER0139A,De Ruyter Reservoir,07/16/1995,OW,NA,NA,4.44,NA,NA,NA,8.32,0.009,186,25,5
0703DER0139A,De Ruyter Reservoir,07/17/1988,OW,NA,NA,4.07,NA,NA,NA,8.3,0.009,176,23,3
0703DER0139A,De Ruyter Reservoir,07/18/1993,OW,NA,NA,6.04,NA,NA,NA,8.24,0.009,171,24,2
0703DER0139A,De Ruyter Reservoir,07/22/1990,OW,NA,NA,4.47,NA,NA,NA,NA,0.009,NA,24,4
0703DER0139A,De Ruyter Reservoir,07/25/1999,OW,NA,NA,2.99,NA,NA,NA,8.38,0.009,181,25.5,6
0703DER0139A,De Ruyter Reservoir,08/02/1997,OW,NA,NA,6.44,NA,NA,NA,7.17,0.009,179,23,5
0703DER0139A,De Ruyter Reservoir,08/01/2018,OW,0.013,NA,3.6,NA,0.4195,0.382,7.66,0.00905,140.5,26,2
0703DER0139A,De Ruyter Reservoir,08/12/2018,BS,0.01,NA,NA,NA,NA,NA,NA,0.00905,NA,25,NA
0703DER0139A,De Ruyter Reservoir,06/27/2004,OW,0.014,NA,1.4,NA,0.1495,NA,6.75,0.0091,149,21.5,19
0703DER0139A,De Ruyter Reservoir,06/09/2008,OW,0.01981,23.08,1.66,NA,0.281571,NA,NA,0.0092,NA,25,10
0703DER0139A,De Ruyter Reservoir,07/07/2013,OW,0.026,NA,2,NA,0.355,NA,7.66,0.0092,157.3,28.5,13
0703DER0139A,De Ruyter Reservoir,08/16/2010,OW,0.013,23.5,1.9,NA,0.272,NA,7.93,0.0093,159.8,25,9
0703DER0139A,De Ruyter Reservoir,06/13/2004,OW,0.0265,28.7,0.2,NA,0.3652,NA,6.63,0.0094,176,21,16
0703DER0139A,De Ruyter Reservoir,07/06/2014,OW,0.038,NA,1.7,NA,0.334,NA,7.48,0.0094,161.2,24.5,4
0703DER0139A,De Ruyter Reservoir,08/30/2010,OW,0.025,NA,2.1,NA,0.24,NA,7.37,0.0094,171.9,23,11
0703DER0139A,De Ruyter Reservoir,09/24/2010,OW,0.022,NA,1,NA,0.292,NA,7.21,0.0094,168.3,19,7
0703DER0139A,De Ruyter Reservoir,06/12/2005,BS,NA,NA,NA,NA,NA,NA,NA,0.0095,NA,20,NA
0703DER0139A,De Ruyter Reservoir,07/10/2005,OW,0.014,NA,2.6,NA,0.113,NA,6.98,0.0095,170.4,25,1.5
0703DER0139A,De Ruyter Reservoir,08/01/2018,BS,0.042,NA,NA,NA,NA,NA,NA,0.0095,NA,25,NA
0703DER0139A,De Ruyter Reservoir,08/03/2009,BS,NA,NA,NA,NA,NA,NA,NA,0.0095,NA,NA,NA
0703DER0139A,De Ruyter Reservoir,07/14/2002,OW,0.054,NA,NA,NA,0.488,NA,8.34,0.0096,185,24,3
0703DER0139A,De Ruyter Reservoir,07/14/2002,BS,0.131,NA,NA,NA,0.362,NA,NA,0.0096,NA,18,NA
0703DER0139A,De Ruyter Reservoir,08/11/2002,OW,0.038,NA,NA,NA,0.34,NA,8.21,0.0096,174,25,5
0703DER0139A,De Ruyter Reservoir,09/13/2010,OW,0.026,NA,1.4,NA,0.221,NA,7.4,0.0096,181.9,20,7
0703DER0139A,De Ruyter Reservoir,10/07/2007,OW,0.01419,NA,1.82,NA,0.53597,NA,7.37,0.0096,165.3,20,20
0703DER0139A,De Ruyter Reservoir,09/30/2018,BS,0.023,NA,NA,NA,NA,NA,NA,0.00965,NA,18,NA
0703DER0139A,De Ruyter Reservoir,06/29/2008,OW,0.01468,NA,1.04,NA,0.260583,NA,7.78,0.0097,157.7,24,11
0703DER0139A,De Ruyter Reservoir,09/14/2014,OW,0,NA,0.9,NA,0.262,NA,7.35,0.0098,145.4,19,7
0703DER0139A,De Ruyter Reservoir,08/25/2002,OW,0.033,NA,NA,NA,0.289,NA,8.26,0.00988,171,24,1.5
0703DER0139A,De Ruyter Reservoir,07/09/2006,BS,NA,NA,NA,NA,NA,NA,NA,0.0099,NA,18,NA
0703DER0139A,De Ruyter Reservoir,07/18/2010,BS,0.062,NA,NA,NA,NA,NA,NA,0.0099,NA,24,NA
0703DER0139A,De Ruyter Reservoir,08/30/2009,OW,0.019,NA,1.5,NA,0.191,NA,7.17,0.0099,138.7,23,13
0703DER0139A,De Ruyter Reservoir,09/06/2004,OW,0.005,NA,3.7,NA,0.2597,NA,7.8,0.0099,117,24,7
0703DER0139A,De Ruyter Reservoir,09/16/2018,OW,0.016,NA,12.3,NA,0.3595,0.337,7.5,0.00995,147.2,25,5
0703DER0139A,De Ruyter Reservoir,06/03/1998,BS,NA,NA,NA,NA,NA,NA,NA,0.01,NA,14,NA
0703DER0139A,De Ruyter Reservoir,06/03/2000,OW,NA,NA,5.8,NA,NA,NA,8.01,0.01,185,18,3
0703DER0139A,De Ruyter Reservoir,06/13/1999,OW,NA,NA,7.1,NA,NA,NA,7.83,0.01,188,23,6
0703DER0139A,De Ruyter Reservoir,06/18/1988,OW,NA,NA,26.6,NA,NA,NA,8.1,0.01,168,20,6
0703DER0139A,De Ruyter Reservoir,06/30/1996,OW,NA,NA,2.2,NA,NA,NA,8.03,0.01,183,22,1
0703DER0139A,De Ruyter Reservoir,07/03/1994,OW,NA,NA,3.81,NA,NA,NA,8.13,0.01,167,23,1
0703DER0139A,De Ruyter Reservoir,07/05/1993,OW,NA,NA,4.93,NA,NA,NA,8.17,0.01,171,24,1
0703DER0139A,De Ruyter Reservoir,07/06/1997,OW,NA,NA,6.34,NA,NA,NA,8.09,0.01,179,22,5
0703DER0139A,De Ruyter Reservoir,07/08/1989,OW,NA,NA,3.03,NA,NA,NA,7.5,0.01,179,22,5
0703DER0139A,De Ruyter Reservoir,07/17/1994,OW,NA,NA,14.4,NA,NA,NA,8.53,0.01,167,24.5,2
0703DER0139A,De Ruyter Reservoir,07/20/1997,OW,NA,NA,6.39,NA,NA,NA,8.08,0.01,177,23,5
0703DER0139A,De Ruyter Reservoir,07/20/1997,BS,NA,NA,NA,NA,NA,NA,NA,0.01,NA,15.5,NA
0703DER0139A,De Ruyter Reservoir,07/23/2006,BS,NA,NA,NA,NA,NA,NA,NA,0.01,NA,18,NA
0703DER0139A,De Ruyter Reservoir,07/29/2001,OW,NA,NA,4.78,NA,NA,NA,7.62,0.01,193,24,5
0703DER0139A,De Ruyter Reservoir,07/30/1988,OW,NA,NA,2.29,NA,NA,NA,8.37,0.01,169,24,1
0703DER0139A,De Ruyter Reservoir,07/31/1994,OW,NA,NA,6.68,NA,NA,NA,8.32,0.01,167,24.5,2
0703DER0139A,De Ruyter Reservoir,08/13/1989,OW,NA,NA,5.07,NA,NA,NA,7.67,0.01,182,23,5
0703DER0139A,De Ruyter Reservoir,08/13/1995,OW,NA,NA,4.38,NA,NA,NA,8.16,0.01,184,20,1
0703DER0139A,De Ruyter Reservoir,08/15/1993,OW,NA,NA,7.31,NA,NA,NA,8.02,0.01,168,23,3
0703DER0139A,De Ruyter Reservoir,08/24/1999,OW,NA,NA,4.4,NA,NA,NA,8.11,0.01,173,22.5,4
0703DER0139A,De Ruyter Reservoir,08/25/1996,OW,NA,NA,6.1,NA,NA,NA,8.35,0.01,176,23.5,5
0703DER0139A,De Ruyter Reservoir,08/27/1989,BS,NA,NA,NA,NA,NA,NA,8.17,0.01,177,21,5
0703DER0139A,De Ruyter Reservoir,09/08/2008,OW,0.01184,NA,1.83,NA,0.195185,NA,7.65,0.01,132.9,22,13
0703DER0139A,De Ruyter Reservoir,09/10/2000,OW,NA,NA,3.79,NA,NA,NA,7.96,0.01,184,21.5,6
0703DER0139A,De Ruyter Reservoir,09/16/1990,OW,NA,NA,5.97,NA,NA,NA,8.27,0.01,174,17,4
0703DER0139A,De Ruyter Reservoir,09/24/1995,OW,NA,NA,4.44,NA,NA,NA,8.13,0.01,180,16.5,1
0703DER0139A,De Ruyter Reservoir,09/30/1990,OW,NA,NA,5.31,NA,NA,NA,8.25,0.01,172,15,7
0703DER0139A,De Ruyter Reservoir,08/22/2004,OW,0.005,NA,2.9,NA,0.3512,NA,7.52,0.0101,167,23,37
0703DER0139A,De Ruyter Reservoir,07/09/2017,OW,0.089,NA,2,NA,0.37,NA,6.84,0.0102,142.7,24,5
0703DER0139A,De Ruyter Reservoir,06/21/2010,OW,0.023,26.6,1.8,NA,0.859,NA,7.42,0.0103,183.3,22.5,4
0703DER0139A,De Ruyter Reservoir,08/21/2005,OW,0.045,NA,2.7,NA,0.334,NA,7.48,0.0103,152.7,25,18
0703DER0139A,De Ruyter Reservoir,06/16/2014,OW,0.064,NA,2.3,NA,0.44,NA,7.5,0.0104,163.3,23,6
0703DER0139A,De Ruyter Reservoir,07/05/2010,OW,0.019,NA,1.6,NA,0.158,NA,7.31,0.0104,180.9,24.5,3
0703DER0139A,De Ruyter Reservoir,06/09/2008,BS,NA,NA,NA,NA,NA,NA,NA,0.0105,NA,18,NA
0703DER0139A,De Ruyter Reservoir,07/09/2006,OW,0.006,NA,4.24,NA,0.51296,NA,7.51,0.0105,165.8,24,13
0703DER0139A,De Ruyter Reservoir,07/14/2003,BS,0.1203,NA,NA,NA,0.1875,NA,NA,0.0105,NA,NA,NA
0703DER0139A,De Ruyter Reservoir,09/25/2016,OW,NA,NA,2,NA,0.187,NA,7.69,0.0105,145.4,22,14
0703DER0139A,De Ruyter Reservoir,06/30/2002,OW,0.038,NA,2.2,NA,0.377,NA,8.38,0.01055,189,24,6
0703DER0139A,De Ruyter Reservoir,07/09/2017,BS,0.136,NA,NA,NA,NA,NA,NA,0.0106,NA,19,NA
0703DER0139A,De Ruyter Reservoir,07/29/2002,BS,0.076,NA,NA,NA,0.44,NA,NA,0.0106,NA,18,NA
0703DER0139A,De Ruyter Reservoir,08/09/2004,OW,0.0109,23.4,3,NA,0.0828,NA,7.5,0.0106,161,24,17
0703DER0139A,De Ruyter Reservoir,08/12/2007,BS,NA,NA,NA,NA,NA,NA,NA,0.0106,NA,22,NA
0703DER0139A,De Ruyter Reservoir,07/06/2016,OW,0.038,NA,1,NA,0.175,NA,7.13,0.0107,147.3,25,17
0703DER0139A,De Ruyter Reservoir,09/13/2010,BS,0.027,NA,NA,NA,NA,NA,NA,0.0107,NA,NA,NA
0703DER0139A,De Ruyter Reservoir,09/16/2017,OW,0.015,NA,2.4,NA,0.268,NA,7.19,0.0107,136.9,22,5
0703DER0139A,De Ruyter Reservoir,06/02/2002,BS,0.042,NA,NA,NA,0.445,NA,NA,0.01072,NA,13,NA
0703DER0139A,De Ruyter Reservoir,07/08/2012,OW,0.018,NA,2.1,NA,0.238,NA,7.29,0.0108,154.1,27,12
0703DER0139A,De Ruyter Reservoir,07/11/2004,BS,0.005,NA,NA,NA,0.2542,NA,NA,0.0108,NA,NA,NA
0703DER0139A,De Ruyter Reservoir,09/20/2008,OW,0.01083,NA,1.67,NA,0.148132,NA,7.39,0.0108,139.2,20,14
0703DER0139A,De Ruyter Reservoir,07/12/2009,BS,0.36632,NA,NA,NA,NA,NA,NA,0.0109,NA,NA,NA
0703DER0139A,De Ruyter Reservoir,08/12/2007,OW,0.08455,NA,2.98,NA,0.44179,NA,7.87,0.0109,79.89,27,21
0703DER0139A,De Ruyter Reservoir,09/18/2005,BS,NA,NA,NA,NA,NA,NA,NA,0.0109,NA,22,NA
0703DER0139A,De Ruyter Reservoir,10/07/2007,BS,NA,NA,NA,NA,NA,NA,NA,0.0109,NA,19,NA
0703DER0139A,De Ruyter Reservoir,06/16/1996,BS,NA,NA,NA,NA,NA,NA,NA,0.011,NA,NA,NA
0703DER0139A,De Ruyter Reservoir,06/18/1995,BS,NA,NA,NA,NA,NA,NA,NA,0.011,NA,19,NA
0703DER0139A,De Ruyter Reservoir,06/25/1988,OW,NA,NA,13.7,NA,NA,NA,8.33,0.011,184,22,7
0703DER0139A,De Ruyter Reservoir,06/30/1991,OW,NA,NA,3.1,NA,NA,NA,8.24,0.011,177,21,6
0703DER0139A,De Ruyter Reservoir,07/16/1995,BS,NA,NA,NA,NA,NA,NA,NA,0.011,NA,20,NA
0703DER0139A,De Ruyter Reservoir,07/16/2000,OW,NA,NA,6.1,NA,NA,NA,7.25,0.011,183,22,4
0703DER0139A,De Ruyter Reservoir,07/28/1996,OW,NA,NA,5,NA,NA,NA,8.15,0.011,179,23,1
0703DER0139A,De Ruyter Reservoir,07/30/1989,OW,NA,NA,4.01,NA,NA,NA,8.2,0.011,179,22,4
0703DER0139A,De Ruyter Reservoir,07/30/1995,OW,NA,NA,4.26,NA,NA,NA,8.16,0.011,184,24.5,1
0703DER0139A,De Ruyter Reservoir,08/02/1990,OW,NA,NA,7.34,NA,NA,NA,6.74,0.011,187,21,2
0703DER0139A,De Ruyter Reservoir,08/11/1991,OW,NA,NA,7.63,NA,NA,NA,8.21,0.011,169,20,9
0703DER0139A,De Ruyter Reservoir,08/11/1996,OW,NA,NA,4.4,NA,NA,NA,7.88,0.011,179,23,1
0703DER0139A,De Ruyter Reservoir,08/13/2000,OW,NA,NA,5.55,NA,NA,NA,8.04,0.011,183,23,4
0703DER0139A,De Ruyter Reservoir,08/14/1994,OW,NA,NA,10.5,NA,NA,NA,8.14,0.011,168,20,6
0703DER0139A,De Ruyter Reservoir,09/07/2016,OW,0.02,NA,1.4,NA,0.263,NA,7.65,0.011,138.4,27,13
0703DER0139A,De Ruyter Reservoir,09/24/1989,BS,NA,NA,NA,NA,NA,NA,8.09,0.011,175,17,5
0703DER0139A,De Ruyter Reservoir,09/26/1993,BS,NA,NA,NA,NA,NA,NA,NA,0.011,NA,17,NA
0703DER0139A,De Ruyter Reservoir,06/16/2002,BS,0.04,NA,NA,NA,0.333,NA,NA,0.01103,NA,15.5,NA
0703DER0139A,De Ruyter Reservoir,09/10/2007,OW,0.01808,NA,4.38,NA,0.55311,NA,7.68,0.0111,132.9,23,15
0703DER0139A,De Ruyter Reservoir,06/02/2003,OW,0.0739,26,2.6,NA,0.2616,NA,8.05,0.0112,188,16,6
0703DER0139A,De Ruyter Reservoir,08/05/2007,OW,0.04616,NA,2.23,NA,0.59338,NA,7.46,0.0112,170.4,27,20
0703DER0139A,De Ruyter Reservoir,08/06/2006,BS,NA,NA,NA,NA,NA,NA,NA,0.0112,NA,19,NA
0703DER0139A,De Ruyter Reservoir,08/06/2016,OW,0.045,NA,2.2,NA,0.239,NA,7.61,0.0112,134.6,26,16
0703DER0139A,De Ruyter Reservoir,09/25/2016,BS,NA,NA,NA,NA,NA,NA,NA,0.0112,NA,20,NA
0703DER0139A,De Ruyter Reservoir,09/15/2013,OW,0,NA,1.8,NA,0.376884,NA,7.64,0.0113,164.5,19.5,23
0703DER0139A,De Ruyter Reservoir,06/10/2009,OW,0.17938,24.88,2.3,NA,0.461813,NA,7.37,0.0114,181.6,22,6
0703DER0139A,De Ruyter Reservoir,06/10/2009,BS,0.14262,NA,NA,NA,NA,NA,NA,0.0114,NA,NA,NA
0703DER0139A,De Ruyter Reservoir,08/09/2015,OW,0.03,17.2,1.5,NA,0.389,NA,8.46,0.0115,175.5,26,7
0703DER0139A,De Ruyter Reservoir,06/11/2012,OW,0.013,25.4,1.8,NA,0.232,NA,7.19,0.0116,143.7,24,17
0703DER0139A,De Ruyter Reservoir,09/03/2012,BS,0.027,NA,NA,NA,NA,NA,NA,0.0116,NA,NA,NA
0703DER0139A,De Ruyter Reservoir,09/05/2005,OW,0.005,NA,3,NA,0.213,NA,7.49,0.0116,144.1,23.5,25
0703DER0139A,De Ruyter Reservoir,09/16/2018,BS,0.122,NA,NA,NA,NA,NA,NA,0.0116,NA,23,NA
0703DER0139A,De Ruyter Reservoir,06/16/2014,BS,0.066,NA,NA,NA,NA,NA,NA,0.0117,NA,19,NA
0703DER0139A,De Ruyter Reservoir,08/17/2009,BS,0.0055,NA,NA,NA,NA,NA,NA,0.0117,NA,NA,NA
0703DER0139A,De Ruyter Reservoir,06/11/2006,BS,NA,NA,NA,NA,NA,NA,NA,0.0118,NA,14.5,NA
0703DER0139A,De Ruyter Reservoir,06/15/2003,BS,0.0911,NA,NA,NA,0.3242,NA,NA,0.0118,NA,NA,NA
0703DER0139A,De Ruyter Reservoir,06/26/2016,OW,NA,NA,1.7,NA,0.261,NA,7.48,0.0118,139.2,25,22
0703DER0139A,De Ruyter Reservoir,07/23/2006,OW,0.02465,NA,9.08,NA,0.58419,NA,7.54,0.0118,147.1,25,14
0703DER0139A,De Ruyter Reservoir,07/27/2008,BS,NA,NA,NA,NA,NA,NA,NA,0.0118,NA,18,NA
0703DER0139A,De Ruyter Reservoir,06/02/2003,BS,0.0681,NA,NA,NA,0.2337,NA,NA,0.0119,NA,NA,NA
0703DER0139A,De Ruyter Reservoir,06/14/1998,OW,NA,NA,8.01,NA,NA,NA,8.01,0.012,174,17.5,4
0703DER0139A,De Ruyter Reservoir,06/22/1997,OW,NA,NA,15,NA,NA,NA,8.28,0.012,178,24,5
0703DER0139A,De Ruyter Reservoir,06/23/1991,OW,NA,NA,3.28,NA,NA,NA,8.34,0.012,55,20,29
0703DER0139A,De Ruyter Reservoir,06/27/1999,OW,NA,NA,6,NA,NA,NA,8.3,0.012,188,24,1
0703DER0139A,De Ruyter Reservoir,07/02/2000,OW,NA,NA,10.6,NA,NA,NA,8.58,0.012,183,22,3
0703DER0139A,De Ruyter Reservoir,07/02/2001,OW,NA,NA,7.15,NA,NA,NA,7.9,0.012,192,20,3
0703DER0139A,De Ruyter Reservoir,07/14/1991,OW,NA,NA,4.3,NA,NA,NA,7.72,0.012,181,21,4
0703DER0139A,De Ruyter Reservoir,08/07/1988,OW,NA,NA,4.51,NA,NA,NA,8.27,0.012,162,24,6
0703DER0139A,De Ruyter Reservoir,08/07/1989,OW,NA,NA,5.51,NA,NA,NA,7.54,0.012,179,24,5
0703DER0139A,De Ruyter Reservoir,08/08/1999,OW,NA,NA,6.25,NA,NA,NA,7.72,0.012,178,23,5
0703DER0139A,De Ruyter Reservoir,08/16/2017,OW,0.008,17.1,1.8,NA,0.435,NA,7.58,0.012,153.3,27,6
0703DER0139A,De Ruyter Reservoir,08/20/1990,OW,NA,NA,8.58,NA,NA,NA,7.98,0.012,177,19,5
0703DER0139A,De Ruyter Reservoir,08/21/1988,BS,NA,NA,NA,NA,NA,NA,8.29,0.012,192,20,8
0703DER0139A,De Ruyter Reservoir,08/25/1991,OW,NA,NA,4.93,NA,NA,NA,8.19,0.012,168,21,4
0703DER0139A,De Ruyter Reservoir,08/26/2001,OW,NA,NA,3.98,NA,NA,NA,7.91,0.012,189,23,5
0703DER0139A,De Ruyter Reservoir,08/29/1993,OW,NA,NA,6.1,NA,NA,NA,8.22,0.012,166,24,3
0703DER0139A,De Ruyter Reservoir,08/29/2018,OW,0.005,NA,11.4,NA,0.38,0.353,7.13,0.012,130.3,27,3
0703DER0139A,De Ruyter Reservoir,09/02/1997,OW,NA,NA,6.49,NA,NA,NA,8.1,0.012,176,22.5,4
0703DER0139A,De Ruyter Reservoir,09/05/1999,OW,NA,NA,3.3,NA,NA,NA,8.12,0.012,175,23,5
0703DER0139A,De Ruyter Reservoir,09/17/1989,BS,NA,NA,NA,NA,NA,NA,8.15,0.012,178,17,4
0703DER0139A,De Ruyter Reservoir,09/18/1988,BS,NA,NA,NA,NA,NA,NA,8.24,0.012,173,18,5
0703DER0139A,De Ruyter Reservoir,10/21/2007,OW,0.01833,NA,1.78,NA,0.504895,NA,7.51,0.012,139.4,17.5,15
0703DER0139A,De Ruyter Reservoir,06/29/2014,OW,0,NA,3.4,NA,0.342,NA,6.88,0.0121,154.7,26,5
0703DER0139A,De Ruyter Reservoir,08/25/2002,BS,0.065,NA,NA,NA,0.286,NA,NA,0.01218,NA,21,NA
0703DER0139A,De Ruyter Reservoir,06/06/2015,OW,0.048,18.6,1,NA,0.376,NA,7.37,0.0123,158.8,21,9
0703DER0139A,De Ruyter Reservoir,08/07/2005,OW,0.005,24.4,2.4,NA,0.172,NA,7.55,0.0123,153.9,27,22
0703DER0139A,De Ruyter Reservoir,09/06/2004,BS,0.005,NA,NA,NA,0.3199,NA,NA,0.0123,NA,NA,NA
0703DER0139A,De Ruyter Reservoir,06/13/2004,BS,0.0307,NA,NA,NA,0.2517,NA,NA,0.0124,NA,NA,NA
0703DER0139A,De Ruyter Reservoir,10/21/2007,BS,NA,NA,NA,NA,NA,NA,NA,0.0124,NA,17,NA
0703DER0139A,De Ruyter Reservoir,06/02/2002,OW,0.064,NA,2.5,NA,0.689,NA,8.01,0.01244,197,16,7
0703DER0139A,De Ruyter Reservoir,07/12/2009,OW,0.53492,NA,3.36,NA,0.703,NA,7.4,0.0126,192.2,22.5,8
0703DER0139A,De Ruyter Reservoir,07/26/2017,BS,0.057,NA,NA,NA,NA,NA,NA,0.0126,NA,22,NA
0703DER0139A,De Ruyter Reservoir,08/27/2016,OW,NA,NA,3.1,NA,0.225,NA,8.1,0.0126,136.6,36,14
0703DER0139A,De Ruyter Reservoir,08/27/2016,BS,NA,NA,NA,NA,NA,NA,NA,0.0126,NA,25,NA
0703DER0139A,De Ruyter Reservoir,06/16/2002,OW,0.034,NA,3.9,NA,0.693,NA,8.14,0.01268,190,19,7
0703DER0139A,De Ruyter Reservoir,07/06/2014,BS,0.068,NA,NA,NA,NA,NA,NA,0.0127,NA,23.5,NA
0703DER0139A,De Ruyter Reservoir,07/08/2007,BS,NA,NA,NA,NA,NA,NA,NA,0.0127,NA,18.5,NA
0703DER0139A,De Ruyter Reservoir,09/01/2014,OW,0.026,NA,1,NA,0.228,NA,7.3,0.0127,147.3,23.5,7
0703DER0139A,De Ruyter Reservoir,09/02/2013,BS,0.014,NA,NA,NA,NA,NA,NA,0.0127,NA,NA,NA
0703DER0139A,De Ruyter Reservoir,08/16/2014,OW,0,NA,2.1,NA,0.26,NA,7.39,0.0129,167.7,23,5
0703DER0139A,De Ruyter Reservoir,08/26/2007,OW,0.006,26.67,4.82,NA,0.50056,NA,7.99,0.0129,155.5,24,1
0703DER0139A,De Ruyter Reservoir,06/19/1994,BS,NA,NA,NA,NA,NA,NA,NA,0.013,NA,18.5,NA
0703DER0139A,De Ruyter Reservoir,06/22/1997,BS,NA,NA,NA,NA,NA,NA,NA,0.013,NA,15,NA
0703DER0139A,De Ruyter Reservoir,06/25/1989,OW,NA,NA,5.55,NA,NA,NA,8.6,0.013,179,22,5
0703DER0139A,De Ruyter Reservoir,07/25/2004,OW,0.005,NA,2.1,NA,0.1129,NA,7.31,0.013,173,24,9
0703DER0139A,De Ruyter Reservoir,08/17/1997,OW,NA,NA,7.35,NA,NA,NA,8.18,0.013,177,22,4
0703DER0139A,De Ruyter Reservoir,08/19/1989,OW,NA,NA,6.59,NA,NA,NA,8.08,0.013,178,22,2
0703DER0139A,De Ruyter Reservoir,08/28/1994,OW,NA,NA,8.19,NA,NA,NA,8.12,0.013,167,21,3
0703DER0139A,De Ruyter Reservoir,09/03/1990,OW,NA,NA,5.91,NA,NA,NA,7.96,0.013,176,21,3
0703DER0139A,De Ruyter Reservoir,09/12/1989,BS,NA,NA,NA,NA,NA,NA,8.15,0.013,175,20,3
0703DER0139A,De Ruyter Reservoir,09/19/1999,OW,NA,NA,3.77,NA,NA,NA,8.07,0.013,174,18,3
0703DER0139A,De Ruyter Reservoir,09/22/1996,BS,NA,NA,NA,NA,NA,NA,NA,0.013,NA,NA,NA
0703DER0139A,De Ruyter Reservoir,09/23/2001,OW,NA,NA,5.1,NA,NA,NA,7.58,0.013,184,20,1
0703DER0139A,De Ruyter Reservoir,06/09/2013,BS,0.055,NA,NA,NA,NA,NA,NA,0.0131,NA,17,NA
0703DER0139A,De Ruyter Reservoir,06/27/2006,BS,NA,NA,NA,NA,NA,NA,NA,0.0131,NA,23.5,NA
0703DER0139A,De Ruyter Reservoir,06/29/2003,OW,0.005,NA,5.1,NA,0.4421,NA,8.26,0.0131,187,23,1.5
0703DER0139A,De Ruyter Reservoir,07/14/2003,OW,0.005,NA,5.2,NA,0.2059,NA,8.41,0.0131,183,24,7
0703DER0139A,De Ruyter Reservoir,08/06/2012,BS,0.041,NA,NA,NA,NA,NA,NA,0.0131,NA,NA,NA
0703DER0139A,De Ruyter Reservoir,06/11/2012,BS,0.033,NA,NA,NA,NA,NA,NA,0.0133,NA,NA,NA
0703DER0139A,De Ruyter Reservoir,07/08/2007,OW,0.02243,25.05,3.72,NA,0.5037,NA,7.78,0.0133,161.2,23,13
0703DER0139A,De Ruyter Reservoir,08/06/2006,OW,0.006,23.65,6.04,NA,0.63493,NA,7.35,0.0133,138.4,25.5,2
0703DER0139A,De Ruyter Reservoir,08/09/2004,BS,0.005,NA,NA,NA,0.3082,NA,NA,0.0133,NA,NA,NA
0703DER0139A,De Ruyter Reservoir,08/24/2008,BS,NA,NA,NA,NA,NA,NA,NA,0.0133,NA,22,NA
0703DER0139A,De Ruyter Reservoir,09/01/2014,BS,0.007,NA,NA,NA,NA,NA,NA,0.0133,NA,23,NA
0703DER0139A,De Ruyter Reservoir,09/16/2012,OW,0.046,NA,0.7,NA,0.202,NA,7.21,0.0133,144.6,21.5,5
0703DER0139A,De Ruyter Reservoir,06/24/2012,OW,0.034,NA,1.7,NA,0.231,NA,7.41,0.0135,154.1,24,5
0703DER0139A,De Ruyter Reservoir,08/06/2016,BS,0.057,NA,NA,NA,NA,NA,NA,0.0135,NA,21,NA
0703DER0139A,De Ruyter Reservoir,08/09/2008,BS,NA,NA,NA,NA,NA,NA,NA,0.0135,NA,18,NA
0703DER0139A,De Ruyter Reservoir,08/03/2014,OW,0.035,NA,2.2,NA,0.335,NA,7.66,0.0136,156.6,26.5,2
0703DER0139A,De Ruyter Reservoir,09/03/2012,OW,0.024,NA,1.2,NA,0.269,NA,7.35,0.0136,154.2,24.5,6
0703DER0139A,De Ruyter Reservoir,09/02/2017,OW,0.038,NA,4,NA,0.374,NA,7.81,0.0137,115.9,21,5
0703DER0139A,De Ruyter Reservoir,06/15/2003,OW,0.0228,NA,8.5,NA,0.2277,NA,8.02,0.0138,191,18,11
0703DER0139A,De Ruyter Reservoir,07/22/2007,OW,0.02332,NA,5.13,NA,0.44764,NA,7.8,0.0138,135.1,27,16
0703DER0139A,De Ruyter Reservoir,08/26/2007,BS,NA,NA,NA,NA,NA,NA,NA,0.0139,NA,22,NA
0703DER0139A,De Ruyter Reservoir,07/14/2018,OW,0.016,NA,1.3,NA,0.339,0.368,7.62,0.01395,194.6,28,7
0703DER0139A,De Ruyter Reservoir,06/03/1998,OW,NA,NA,8.56,NA,NA,NA,8.28,0.014,176,18,4
0703DER0139A,De Ruyter Reservoir,07/15/1989,OW,NA,NA,3.92,NA,NA,NA,8.06,0.014,181,22,8
0703DER0139A,De Ruyter Reservoir,07/31/1993,OW,NA,NA,10.4,NA,NA,NA,8.08,0.014,169,21,2
0703DER0139A,De Ruyter Reservoir,08/02/1992,OW,NA,NA,10.3,NA,NA,NA,8.25,0.014,176,20,4
0703DER0139A,De Ruyter Reservoir,08/28/2000,OW,NA,NA,4.4,NA,NA,NA,7.95,0.014,183,23.5,2
0703DER0139A,De Ruyter Reservoir,08/30/2015,OW,0,NA,3.6,NA,0.473,NA,7.2,0.014,155.2,24,6
0703DER0139A,De Ruyter Reservoir,09/02/1989,BS,NA,NA,NA,NA,NA,NA,7.92,0.014,178,19,3
0703DER0139A,De Ruyter Reservoir,09/08/1996,OW,NA,NA,7.42,NA,NA,NA,6.36,0.014,170,23,1
0703DER0139A,De Ruyter Reservoir,09/24/1995,BS,NA,NA,NA,NA,NA,NA,NA,0.014,NA,16.5,NA
0703DER0139A,De Ruyter Reservoir,09/25/1988,BS,NA,NA,NA,NA,NA,NA,8.23,0.014,169,16,7
0703DER0139A,De Ruyter Reservoir,10/13/1991,OW,NA,NA,7.63,NA,NA,NA,8.17,0.014,167,12,2
0703DER0139A,De Ruyter Reservoir,08/06/2012,OW,0.005,23.3,2.3,NA,0.218,NA,7.92,0.0141,148.7,25.5,8
0703DER0139A,De Ruyter Reservoir,06/18/2017,OW,0.03,15.5,2.8,NA,0.42,NA,6.61,0.0142,130.7,25,5
0703DER0139A,De Ruyter Reservoir,08/07/2005,BS,NA,NA,NA,NA,NA,NA,NA,0.0142,NA,18.5,NA
0703DER0139A,De Ruyter Reservoir,08/09/2015,BS,0.035,NA,NA,NA,NA,NA,NA,0.0142,NA,18,NA
0703DER0139A,De Ruyter Reservoir,08/09/2017,OW,0.007,NA,3.3,NA,0.385,NA,7.71,0.0142,139.3,25,6
0703DER0139A,De Ruyter Reservoir,09/13/2002,OW,0.013,NA,2.9,NA,0.384,NA,7.83,0.01426,170,21,1.5
0703DER0139A,De Ruyter Reservoir,07/25/2004,BS,0.005,NA,NA,NA,0.4268,NA,NA,0.0143,NA,NA,NA
0703DER0139A,De Ruyter Reservoir,08/22/2004,BS,0.005,NA,NA,NA,0.3148,NA,NA,0.0143,NA,NA,NA
0703DER0139A,De Ruyter Reservoir,07/13/2008,BS,NA,NA,NA,NA,NA,NA,NA,0.0144,NA,23,NA
0703DER0139A,De Ruyter Reservoir,09/20/2008,BS,NA,NA,NA,NA,NA,NA,NA,0.0144,NA,20,NA
0703DER0139A,De Ruyter Reservoir,08/10/2003,OW,0.005,NA,10.9,NA,0.1868,NA,8.53,0.0146,184.6,26,10
0703DER0139A,De Ruyter Reservoir,09/14/2014,BS,0,NA,NA,NA,NA,NA,NA,0.0146,NA,19,NA
0703DER0139A,De Ruyter Reservoir,08/01/2010,OW,0.03,NA,1.9,NA,0.53,NA,7.71,0.0148,164,25,12
0703DER0139A,De Ruyter Reservoir,06/19/2000,OW,NA,NA,3.85,NA,NA,NA,7.42,0.015,179,19,6
0703DER0139A,De Ruyter Reservoir,07/02/1988,OW,NA,NA,4.74,NA,NA,NA,8.12,0.015,181,17,6
0703DER0139A,De Ruyter Reservoir,07/04/1992,OW,NA,NA,9.78,NA,NA,NA,8.31,0.015,182,18,2
0703DER0139A,De Ruyter Reservoir,09/10/1988,BS,NA,NA,NA,NA,NA,NA,8.09,0.015,170,17,4
0703DER0139A,De Ruyter Reservoir,09/12/1993,OW,NA,NA,7.22,NA,NA,NA,8.05,0.015,167,20,3
0703DER0139A,De Ruyter Reservoir,09/13/1998,BS,NA,NA,NA,NA,NA,NA,NA,0.015,NA,20,NA
0703DER0139A,De Ruyter Reservoir,09/14/1997,OW,NA,NA,14.7,NA,NA,NA,8.2,0.015,173,19,5
0703DER0139A,De Ruyter Reservoir,09/22/1996,OW,NA,NA,8.66,NA,NA,NA,8.01,0.015,173,18.5,15
0703DER0139A,De Ruyter Reservoir,09/27/1997,BS,NA,NA,NA,NA,NA,NA,NA,0.015,NA,NA,NA
0703DER0139A,De Ruyter Reservoir,08/16/2017,BS,0.027,NA,NA,NA,NA,NA,NA,0.0151,NA,25,NA
0703DER0139A,De Ruyter Reservoir,09/10/2007,BS,NA,NA,NA,NA,NA,NA,NA,0.0152,NA,22.5,NA
0703DER0139A,De Ruyter Reservoir,07/22/2012,OW,0.018,NA,1.5,NA,0.258,NA,8.02,0.0154,163,26.5,14
0703DER0139A,De Ruyter Reservoir,08/19/2012,OW,0.018,NA,1.1,NA,0.324,NA,7.57,0.0156,151.9,24,7
0703DER0139A,De Ruyter Reservoir,08/25/2003,OW,0.005,NA,11.5,NA,0.3188,NA,8.1,0.0156,184.2,25,1.5
0703DER0139A,De Ruyter Reservoir,06/23/2013,OW,0,NA,2.3,NA,0.377293,NA,7.81,0.0158,163,25.5,12
0703DER0139A,De Ruyter Reservoir,06/28/2009,BS,NA,NA,NA,NA,NA,NA,NA,0.0158,NA,NA,NA
0703DER0139A,De Ruyter Reservoir,06/29/2003,BS,0.1108,NA,NA,NA,0.3808,NA,NA,0.0158,NA,NA,NA
0703DER0139A,De Ruyter Reservoir,07/11/1999,OW,NA,NA,3.58,NA,NA,NA,7.84,0.016,183,23,3
0703DER0139A,De Ruyter Reservoir,07/23/1989,OW,NA,NA,3.88,NA,NA,NA,8.09,0.016,174,23,3
0703DER0139A,De Ruyter Reservoir,09/11/1994,OW,NA,NA,11.3,NA,NA,NA,8.13,0.016,167,17.5,4
0703DER0139A,De Ruyter Reservoir,09/13/1998,OW,NA,NA,8.99,NA,NA,NA,8.07,0.016,173,20.5,3
0703DER0139A,De Ruyter Reservoir,09/17/2006,OW,0.01434,NA,13.22,NA,0.54708,NA,7.4,0.016,144.8,20.5,14
0703DER0139A,De Ruyter Reservoir,08/03/2009,OW,0.12,NA,1.98,NA,0.354,NA,NA,0.0165,NA,24,12
0703DER0139A,De Ruyter Reservoir,08/03/2014,BS,0.053,NA,NA,NA,NA,NA,NA,0.0165,NA,24,NA
0703DER0139A,De Ruyter Reservoir,09/12/2015,BS,0.064,NA,NA,NA,NA,NA,NA,0.0165,NA,21,NA
0703DER0139A,De Ruyter Reservoir,07/14/2018,BS,0.038,NA,NA,NA,NA,NA,NA,0.01655,NA,24,NA
0703DER0139A,De Ruyter Reservoir,10/01/2017,OW,0.037,NA,1.9,NA,0.359,NA,7.81,0.0166,152.4,20,6
0703DER0139A,De Ruyter Reservoir,07/07/2013,BS,0.107,NA,NA,NA,NA,NA,NA,0.0167,NA,19,NA
0703DER0139A,De Ruyter Reservoir,07/28/2003,OW,0.005,26,6.7,NA,0.0496,NA,8.09,0.0168,183,24,11
0703DER0139A,De Ruyter Reservoir,06/21/1992,OW,NA,NA,9.1,NA,NA,NA,7.795,0.017,184.5,15,8.5
0703DER0139A,De Ruyter Reservoir,07/30/2000,OW,NA,NA,4.99,NA,NA,NA,7.45,0.017,185,23,0.5
0703DER0139A,De Ruyter Reservoir,08/27/1995,OW,NA,NA,7.17,NA,NA,NA,8.13,0.017,182,23,5
0703DER0139A,De Ruyter Reservoir,09/09/2001,OW,NA,NA,5.8,NA,NA,NA,8.15,0.017,187,23,5
0703DER0139A,De Ruyter Reservoir,09/13/1992,OW,NA,NA,8.84,NA,NA,NA,8.28,0.017,177,16,9
0703DER0139A,De Ruyter Reservoir,09/27/1997,OW,NA,NA,12.4,NA,NA,NA,8.09,0.017,168,16,4
0703DER0139A,De Ruyter Reservoir,07/21/2013,OW,0,NA,2.2,NA,0.315566,NA,7.63,0.0171,159.4,27,12
0703DER0139A,De Ruyter Reservoir,06/09/2013,OW,0.046,NA,0.4,NA,0.454,NA,7.47,0.0172,156.4,19,18
0703DER0139A,De Ruyter Reservoir,09/12/2015,OW,0.03,NA,3.8,NA,4.124,NA,7.09,0.0172,134.5,23,7
0703DER0139A,De Ruyter Reservoir,08/11/2002,BS,0.101,NA,NA,NA,0.359,NA,NA,0.01746,NA,19,NA
0703DER0139A,De Ruyter Reservoir,08/18/2013,OW,0,NA,4.2,NA,0.30989,NA,7.39,0.0175,161.9,23,14
0703DER0139A,De Ruyter Reservoir,09/04/2006,OW,0.04952,NA,13.8,NA,0.55314,NA,7.26,0.0179,132.6,20,14
0703DER0139A,De Ruyter Reservoir,09/22/1991,OW,NA,NA,7.03,NA,NA,NA,8.24,0.018,164,17,3
0703DER0139A,De Ruyter Reservoir,06/28/2009,OW,0.118,NA,6.91,NA,0.391,NA,NA,0.0181,NA,23,10
0703DER0139A,De Ruyter Reservoir,06/29/2014,BS,0,NA,NA,NA,NA,NA,NA,0.0182,NA,22,NA
0703DER0139A,De Ruyter Reservoir,07/22/2015,OW,0,NA,2.9,NA,0.306,NA,7.13,0.0185,164.2,26,7
0703DER0139A,De Ruyter Reservoir,08/04/2013,OW,0.024,NA,1.9,NA,0.363,NA,7.29,0.0185,161.4,23,15
0703DER0139A,De Ruyter Reservoir,07/19/1992,OW,NA,NA,7.4,NA,NA,NA,7.86,0.019,184,21,4
0703DER0139A,De Ruyter Reservoir,08/25/1996,BS,NA,NA,NA,NA,NA,NA,NA,0.019,NA,21.5,NA
0703DER0139A,De Ruyter Reservoir,08/28/1988,BS,NA,NA,NA,NA,NA,NA,8.09,0.019,168,22,6
0703DER0139A,De Ruyter Reservoir,08/30/1992,OW,NA,NA,14.1,NA,NA,NA,8.19,0.019,177,19,7
0703DER0139A,De Ruyter Reservoir,09/02/2013,OW,0.0055,NA,3.2,NA,0.36862,NA,7.7,0.0192,165.1,25,15
0703DER0139A,De Ruyter Reservoir,07/13/2015,OW,0.042,NA,4.3,NA,0.492,NA,7.83,0.0194,95.2,24,8
0703DER0139A,De Ruyter Reservoir,09/07/2003,OW,0.005,NA,14.8,NA,0.5123,NA,8.11,0.0194,187.8,23,3
0703DER0139A,De Ruyter Reservoir,06/06/2015,BS,0.051,NA,NA,NA,NA,NA,NA,0.0197,NA,15,NA
0703DER0139A,De Ruyter Reservoir,09/07/2016,BS,0.0075,NA,NA,NA,NA,NA,NA,0.0198,NA,23,NA
0703DER0139A,De Ruyter Reservoir,06/11/2006,OW,0.04351,25.98,5.97,NA,0.396885,NA,7.49,0.02,164,15.5,3
0703DER0139A,De Ruyter Reservoir,08/13/1995,BS,NA,NA,NA,NA,NA,NA,NA,0.02,NA,NA,NA
0703DER0139A,De Ruyter Reservoir,08/16/1992,OW,NA,NA,6.46,NA,NA,NA,8.24,0.02,178,18,8
0703DER0139A,De Ruyter Reservoir,09/05/1988,BS,NA,NA,NA,NA,NA,NA,8.07,0.02,172,16,3
0703DER0139A,De Ruyter Reservoir,08/10/2003,BS,0.1632,NA,NA,NA,0.1657,NA,NA,0.0202,NA,NA,NA
0703DER0139A,De Ruyter Reservoir,09/26/2015,OW,0,NA,4.4,NA,0.541,NA,7.86,0.0202,150.1,23,4
0703DER0139A,De Ruyter Reservoir,06/27/2006,OW,0.04499,NA,3.77,NA,0.51185,NA,7.23,0.0206,117.6,24,31
0703DER0139A,De Ruyter Reservoir,07/22/2007,BS,NA,NA,NA,NA,NA,NA,NA,0.0211,NA,20,NA
0703DER0139A,De Ruyter Reservoir,07/22/2015,BS,0,NA,NA,NA,NA,NA,NA,0.0211,NA,20,NA
0703DER0139A,De Ruyter Reservoir,09/26/2015,BS,0,NA,NA,NA,NA,NA,NA,0.0215,NA,21,NA
0703DER0139A,De Ruyter Reservoir,06/06/1992,OW,NA,NA,36.3,NA,NA,NA,8.09,0.023,179,18,8
0703DER0139A,De Ruyter Reservoir,09/07/2003,BS,0.0423,NA,NA,NA,0.6001,NA,NA,0.0238,NA,NA,NA
0703DER0139A,De Ruyter Reservoir,09/26/1993,OW,NA,NA,10.2,NA,NA,NA,8.24,0.024,168,18,5
0703DER0139A,De Ruyter Reservoir,06/28/2015,BS,0,NA,NA,NA,NA,NA,NA,0.0241,NA,20,NA
0703DER0139A,De Ruyter Reservoir,07/26/2017,OW,0.048,NA,2.9,NA,0.625,NA,7.84,0.0251,137.7,25,5
0703DER0139A,De Ruyter Reservoir,08/21/2005,BS,NA,NA,NA,NA,NA,NA,NA,0.0268,NA,18,NA
0703DER0139A,De Ruyter Reservoir,07/28/1996,BS,NA,NA,NA,NA,NA,NA,NA,0.027,NA,19.5,NA
0703DER0139A,De Ruyter Reservoir,07/28/2003,BS,0.1816,NA,NA,NA,0.0508,NA,NA,0.0277,NA,NA,NA
0703DER0139A,De Ruyter Reservoir,08/16/2014,BS,0,NA,NA,NA,NA,NA,NA,0.028,NA,21,NA
0703DER0139A,De Ruyter Reservoir,08/27/1995,BS,NA,NA,NA,NA,NA,NA,NA,0.029,NA,20.5,NA
0703DER0139A,De Ruyter Reservoir,08/30/2009,BS,NA,NA,NA,NA,NA,NA,NA,0.0303,NA,NA,NA
0703DER0139A,De Ruyter Reservoir,09/02/1997,BS,NA,NA,NA,NA,NA,NA,NA,0.031,NA,NA,NA
0703DER0139A,De Ruyter Reservoir,09/17/2006,BS,NA,NA,NA,NA,NA,NA,NA,0.0335,NA,20,NA
0703DER0139A,De Ruyter Reservoir,09/13/2002,BS,0.016,NA,NA,NA,0.369,NA,NA,0.03371,NA,20.5,NA
0703DER0139A,De Ruyter Reservoir,07/13/2015,BS,0.118,NA,NA,NA,NA,NA,NA,0.0344,NA,22,NA
0703DER0139A,De Ruyter Reservoir,08/20/2006,BS,NA,NA,NA,NA,NA,NA,NA,0.0385,NA,19,NA
0703DER0139A,De Ruyter Reservoir,09/04/2006,BS,NA,NA,NA,NA,NA,NA,NA,0.0401,NA,18.5,NA
0703DER0139A,De Ruyter Reservoir,07/20/2014,BS,0,NA,NA,NA,NA,NA,NA,0.0406,NA,21,NA
0703DER0139A,De Ruyter Reservoir,08/25/2003,BS,0.2588,NA,NA,NA,0.3316,NA,NA,0.0437,NA,NA,NA
0703DER0139A,De Ruyter Reservoir,08/04/2013,BS,0.494,NA,NA,NA,NA,NA,NA,0.0506,NA,NA,NA
0703DER0139A,De Ruyter Reservoir,09/11/1994,BS,NA,NA,NA,NA,NA,NA,NA,0.052,NA,17.5,NA
0703DER0139A,De Ruyter Reservoir,08/09/2017,BS,0.041,NA,NA,NA,NA,NA,NA,0.0559,NA,23,NA
0703DER0139A,De Ruyter Reservoir,09/02/2017,BS,0.156,NA,NA,NA,NA,NA,NA,0.0597,NA,19,NA
0703DER0139A,De Ruyter Reservoir,07/18/1993,BS,NA,NA,NA,NA,NA,NA,NA,0.06,NA,19.5,NA
0703DER0139A,De Ruyter Reservoir,06/28/2015,OW,0,NA,1.9,NA,0.319,NA,7.2,0.0629,163.5,26,2
0703DER0139A,De Ruyter Reservoir,07/31/1993,BS,NA,NA,NA,NA,NA,NA,NA,0.063,NA,16,NA
0703DER0139A,De Ruyter Reservoir,07/20/2016,BS,NA,NA,NA,NA,NA,NA,NA,0.0721,NA,23,NA
0703DER0139A,De Ruyter Reservoir,06/30/2002,BS,0.1,NA,NA,NA,0.349,NA,NA,0.07994,NA,18,NA
0703DER0139A,De Ruyter Reservoir,08/29/1993,BS,NA,NA,NA,NA,NA,NA,NA,0.11,NA,NA,NA
0703DER0139A,De Ruyter Reservoir,09/16/2017,BS,0.028,NA,NA,NA,NA,NA,NA,0.175,NA,21,NA
0703DER0139A,De Ruyter Reservoir,07/06/2016,BS,0.069,NA,NA,NA,NA,NA,NA,0.1947,NA,21,NA
0703DER0139A,De Ruyter Reservoir,07/17/1994,BS,NA,NA,NA,NA,NA,NA,NA,0.22,NA,18.5,NA
0703DER0139A,De Ruyter Reservoir,06/26/2016,BS,NA,NA,NA,NA,NA,NA,NA,0.2904,NA,21,NA
0703DER0139A,De Ruyter Reservoir,10/01/2017,BS,0.057,NA,NA,NA,NA,NA,NA,0.3742,NA,20,NA
0703DER0139A,De Ruyter Reservoir,06/03/2000,BS,NA,NA,NA,NA,NA,NA,NA,NA,NA,NA,NA
0703DER0139A,De Ruyter Reservoir,06/05/1994,BS,NA,NA,NA,NA,NA,NA,NA,NA,NA,NA,NA
0703DER0139A,De Ruyter Reservoir,06/06/1992,BS,NA,NA,NA,NA,NA,NA,NA,NA,NA,NA,NA
0703DER0139A,De Ruyter Reservoir,06/13/1999,BS,NA,NA,NA,NA,NA,NA,NA,NA,NA,NA,NA
0703DER0139A,De Ruyter Reservoir,06/14/1998,BS,NA,NA,NA,NA,NA,NA,NA,NA,NA,NA,NA
0703DER0139A,De Ruyter Reservoir,06/17/2001,BS,NA,NA,NA,NA,NA,NA,NA,NA,NA,NA,NA
0703DER0139A,De Ruyter Reservoir,06/18/1988,BS,NA,NA,NA,NA,NA,NA,NA,NA,NA,NA,NA
0703DER0139A,De Ruyter Reservoir,06/19/1993,BS,NA,NA,NA,NA,NA,NA,NA,NA,NA,NA,NA
0703DER0139A,De Ruyter Reservoir,06/19/2000,BS,NA,NA,NA,NA,NA,NA,NA,NA,NA,NA,NA
0703DER0139A,De Ruyter Reservoir,06/21/1992,BS,NA,NA,NA,NA,NA,NA,NA,NA,NA,NA,NA
0703DER0139A,De Ruyter Reservoir,06/23/1991,BS,NA,NA,NA,NA,NA,NA,NA,NA,NA,NA,NA
0703DER0139A,De Ruyter Reservoir,06/23/2013,BS,NA,NA,NA,NA,NA,NA,NA,NA,NA,NA,NA
0703DER0139A,De Ruyter Reservoir,06/24/1990,BS,NA,NA,NA,NA,NA,NA,NA,NA,NA,NA,NA
0703DER0139A,De Ruyter Reservoir,06/24/2012,BS,NA,NA,NA,NA,NA,NA,NA,NA,NA,NA,NA
0703DER0139A,De Ruyter Reservoir,06/25/1988,BS,NA,NA,NA,NA,NA,NA,NA,NA,NA,NA,NA
0703DER0139A,De Ruyter Reservoir,06/25/1989,BS,NA,NA,NA,NA,NA,NA,NA,NA,NA,NA,NA
0703DER0139A,De Ruyter Reservoir,06/27/1999,BS,NA,NA,NA,NA,NA,NA,NA,NA,NA,NA,NA
0703DER0139A,De Ruyter Reservoir,06/28/1998,OW,NA,NA,5.68,NA,NA,NA,8.13,NA,177,24,1
0703DER0139A,De Ruyter Reservoir,06/28/1998,BS,NA,NA,NA,NA,NA,NA,NA,NA,NA,NA,NA
0703DER0139A,De Ruyter Reservoir,06/30/1991,BS,NA,NA,NA,NA,NA,NA,NA,NA,NA,NA,NA
0703DER0139A,De Ruyter Reservoir,06/30/1996,BS,NA,NA,NA,NA,NA,NA,NA,NA,NA,NA,NA
0703DER0139A,De Ruyter Reservoir,07/01/1989,BS,NA,NA,NA,NA,NA,NA,NA,NA,NA,NA,NA
0703DER0139A,De Ruyter Reservoir,07/02/1988,BS,NA,NA,NA,NA,NA,NA,NA,NA,NA,NA,NA
0703DER0139A,De Ruyter Reservoir,07/02/2000,BS,NA,NA,NA,NA,NA,NA,NA,NA,NA,NA,NA
0703DER0139A,De Ruyter Reservoir,07/02/2001,BS,NA,NA,NA,NA,NA,NA,NA,NA,NA,NA,NA
0703DER0139A,De Ruyter Reservoir,07/03/1994,BS,NA,NA,NA,NA,NA,NA,NA,NA,NA,NA,NA
0703DER0139A,De Ruyter Reservoir,07/03/1995,BS,NA,NA,NA,NA,NA,NA,NA,NA,NA,NA,NA
0703DER0139A,De Ruyter Reservoir,07/04/1992,BS,NA,NA,NA,NA,NA,NA,NA,NA,NA,NA,NA
0703DER0139A,De Ruyter Reservoir,07/05/1993,BS,NA,NA,NA,NA,NA,NA,NA,NA,NA,NA,NA
0703DER0139A,De Ruyter Reservoir,07/05/2010,BS,NA,NA,NA,NA,NA,NA,NA,NA,NA,NA,NA
0703DER0139A,De Ruyter Reservoir,07/06/1997,BS,NA,NA,NA,NA,NA,NA,NA,NA,NA,NA,NA
0703DER0139A,De Ruyter Reservoir,07/08/1989,BS,NA,NA,NA,NA,NA,NA,NA,NA,NA,NA,NA
0703DER0139A,De Ruyter Reservoir,07/08/1990,BS,NA,NA,NA,NA,NA,NA,NA,NA,NA,NA,NA
0703DER0139A,De Ruyter Reservoir,07/09/1988,BS,NA,NA,NA,NA,NA,NA,NA,NA,NA,NA,NA
0703DER0139A,De Ruyter Reservoir,07/11/1999,BS,NA,NA,NA,NA,NA,NA,NA,NA,NA,NA,NA
0703DER0139A,De Ruyter Reservoir,07/12/1998,OW,NA,NA,10.2,NA,NA,NA,8,NA,174,21,3
0703DER0139A,De Ruyter Reservoir,07/12/1998,BS,NA,NA,NA,NA,NA,NA,NA,NA,NA,NA,NA
0703DER0139A,De Ruyter Reservoir,07/14/1991,BS,NA,NA,NA,NA,NA,NA,NA,NA,NA,NA,NA
0703DER0139A,De Ruyter Reservoir,07/14/1996,OW,NA,NA,NA,NA,NA,NA,NA,NA,NA,23,NA
0703DER0139A,De Ruyter Reservoir,07/14/1996,BS,NA,NA,NA,NA,NA,NA,NA,NA,NA,NA,NA
0703DER0139A,De Ruyter Reservoir,07/15/1989,BS,NA,NA,NA,NA,NA,NA,NA,NA,NA,NA,NA
0703DER0139A,De Ruyter Reservoir,07/15/2001,BS,NA,NA,NA,NA,NA,NA,NA,NA,NA,NA,NA
0703DER0139A,De Ruyter Reservoir,07/16/2000,BS,NA,NA,NA,NA,NA,NA,NA,NA,NA,NA,NA
0703DER0139A,De Ruyter Reservoir,07/17/1988,BS,NA,NA,NA,NA,NA,NA,NA,NA,NA,NA,NA
0703DER0139A,De Ruyter Reservoir,07/17/2008,BS,NA,NA,NA,NA,NA,NA,NA,NA,NA,NA,NA
0703DER0139A,De Ruyter Reservoir,07/19/1992,BS,NA,NA,NA,NA,NA,NA,NA,NA,NA,NA,NA
0703DER0139A,De Ruyter Reservoir,07/21/2013,BS,NA,NA,NA,NA,NA,NA,NA,NA,NA,NA,NA
0703DER0139A,De Ruyter Reservoir,07/22/1990,BS,NA,NA,NA,NA,NA,NA,NA,NA,NA,NA,NA
0703DER0139A,De Ruyter Reservoir,07/22/2012,BS,NA,NA,NA,NA,NA,NA,NA,NA,NA,NA,NA
0703DER0139A,De Ruyter Reservoir,07/23/1989,BS,NA,NA,NA,NA,NA,NA,NA,NA,NA,NA,NA
0703DER0139A,De Ruyter Reservoir,07/24/1988,OW,NA,NA,10.4,NA,NA,NA,8.07,NA,232,24,22
0703DER0139A,De Ruyter Reservoir,07/24/1988,BS,NA,NA,NA,NA,NA,NA,NA,NA,NA,NA,NA
0703DER0139A,De Ruyter Reservoir,07/25/1999,BS,NA,NA,NA,NA,NA,NA,NA,NA,NA,NA,NA
0703DER0139A,De Ruyter Reservoir,07/26/1998,OW,NA,NA,5.47,NA,NA,NA,8.21,NA,176,24,1
0703DER0139A,De Ruyter Reservoir,07/26/1998,BS,NA,NA,NA,NA,NA,NA,NA,NA,NA,NA,NA
0703DER0139A,De Ruyter Reservoir,07/28/1991,BS,NA,NA,NA,NA,NA,NA,NA,NA,NA,NA,NA
0703DER0139A,De Ruyter Reservoir,07/29/2001,BS,NA,NA,NA,NA,NA,NA,NA,NA,NA,NA,NA
0703DER0139A,De Ruyter Reservoir,07/30/1988,BS,NA,NA,NA,NA,NA,NA,NA,NA,NA,NA,NA
0703DER0139A,De Ruyter Reservoir,07/30/1989,BS,NA,NA,NA,NA,NA,NA,NA,NA,NA,NA,NA
0703DER0139A,De Ruyter Reservoir,07/30/1995,BS,NA,NA,NA,NA,NA,NA,NA,NA,NA,NA,NA
0703DER0139A,De Ruyter Reservoir,07/30/2000,BS,NA,NA,NA,NA,NA,NA,NA,NA,NA,NA,NA
0703DER0139A,De Ruyter Reservoir,07/31/1994,BS,NA,NA,NA,NA,NA,NA,NA,NA,NA,NA,NA
0703DER0139A,De Ruyter Reservoir,08/01/2010,BS,NA,NA,NA,NA,NA,NA,NA,NA,NA,NA,NA
0703DER0139A,De Ruyter Reservoir,08/02/1990,BS,NA,NA,NA,NA,NA,NA,NA,NA,NA,NA,NA
0703DER0139A,De Ruyter Reservoir,08/02/1992,BS,NA,NA,NA,NA,NA,NA,NA,NA,NA,NA,NA
0703DER0139A,De Ruyter Reservoir,08/02/1997,BS,NA,NA,NA,NA,NA,NA,NA,NA,NA,NA,NA
0703DER0139A,De Ruyter Reservoir,08/07/1988,BS,NA,NA,NA,NA,NA,NA,NA,NA,NA,NA,NA
0703DER0139A,De Ruyter Reservoir,08/07/1989,BS,NA,NA,NA,NA,NA,NA,NA,NA,NA,NA,NA
0703DER0139A,De Ruyter Reservoir,08/08/1999,BS,NA,NA,NA,NA,NA,NA,NA,NA,NA,NA,NA
0703DER0139A,De Ruyter Reservoir,08/09/1998,OW,NA,NA,4.32,NA,NA,NA,8.35,NA,173,24,1
0703DER0139A,De Ruyter Reservoir,08/09/1998,BS,NA,NA,NA,NA,NA,NA,NA,NA,NA,NA,NA
0703DER0139A,De Ruyter Reservoir,08/11/1991,BS,NA,NA,NA,NA,NA,NA,NA,NA,NA,NA,NA
0703DER0139A,De Ruyter Reservoir,08/11/1996,BS,NA,NA,NA,NA,NA,NA,NA,NA,NA,NA,NA
0703DER0139A,De Ruyter Reservoir,08/12/2001,BS,NA,NA,NA,NA,NA,NA,NA,NA,NA,NA,NA
0703DER0139A,De Ruyter Reservoir,08/13/1988,BS,NA,NA,NA,NA,NA,NA,NA,NA,NA,NA,NA
0703DER0139A,De Ruyter Reservoir,08/13/1989,BS,NA,NA,NA,NA,NA,NA,NA,NA,NA,NA,NA
0703DER0139A,De Ruyter Reservoir,08/13/2000,BS,NA,NA,NA,NA,NA,NA,NA,NA,NA,NA,NA
0703DER0139A,De Ruyter Reservoir,08/14/1994,BS,NA,NA,NA,NA,NA,NA,NA,NA,NA,NA,NA
0703DER0139A,De Ruyter Reservoir,08/15/1993,BS,NA,NA,NA,NA,NA,NA,NA,NA,NA,NA,NA
0703DER0139A,De Ruyter Reservoir,08/16/1992,BS,NA,NA,NA,NA,NA,NA,NA,NA,NA,NA,NA
0703DER0139A,De Ruyter Reservoir,08/17/1997,BS,NA,NA,NA,NA,NA,NA,NA,NA,NA,NA,NA
0703DER0139A,De Ruyter Reservoir,08/18/2013,BS,NA,NA,NA,NA,NA,NA,NA,NA,NA,NA,NA
0703DER0139A,De Ruyter Reservoir,08/19/1989,BS,NA,NA,NA,NA,NA,NA,NA,NA,NA,NA,NA
0703DER0139A,De Ruyter Reservoir,08/19/2012,BS,NA,NA,NA,NA,NA,NA,NA,NA,NA,NA,NA
0703DER0139A,De Ruyter Reservoir,08/20/1990,BS,NA,NA,NA,NA,NA,NA,NA,NA,NA,NA,NA
0703DER0139A,De Ruyter Reservoir,08/21/1988,OW,NA,NA,5.18,NA,NA,NA,NA,NA,NA,NA,NA
0703DER0139A,De Ruyter Reservoir,08/23/1998,OW,NA,NA,6.03,NA,NA,NA,8.12,NA,169,23,2
0703DER0139A,De Ruyter Reservoir,08/23/1998,BS,NA,NA,NA,NA,NA,NA,NA,NA,NA,NA,NA
0703DER0139A,De Ruyter Reservoir,08/24/1999,BS,NA,NA,NA,NA,NA,NA,NA,NA,NA,NA,NA
0703DER0139A,De Ruyter Reservoir,08/25/1991,BS,NA,NA,NA,NA,NA,NA,NA,NA,NA,NA,NA
0703DER0139A,De Ruyter Reservoir,08/26/2001,BS,NA,NA,NA,NA,NA,NA,NA,NA,NA,NA,NA
0703DER0139A,De Ruyter Reservoir,08/27/1989,OW,NA,NA,6.96,NA,NA,NA,NA,NA,NA,NA,NA
0703DER0139A,De Ruyter Reservoir,08/28/1988,OW,NA,NA,6.36,NA,NA,NA,NA,NA,NA,NA,NA
0703DER0139A,De Ruyter Reservoir,08/28/1994,BS,NA,NA,NA,NA,NA,NA,NA,NA,NA,NA,NA
0703DER0139A,De Ruyter Reservoir,08/28/2000,BS,NA,NA,NA,NA,NA,NA,NA,NA,NA,NA,NA
0703DER0139A,De Ruyter Reservoir,08/30/1992,BS,NA,NA,NA,NA,NA,NA,NA,NA,NA,NA,NA
0703DER0139A,De Ruyter Reservoir,08/30/2010,BS,NA,NA,NA,NA,NA,NA,NA,NA,NA,NA,NA
0703DER0139A,De Ruyter Reservoir,09/02/1989,OW,NA,NA,6.48,NA,NA,NA,NA,NA,NA,NA,NA
0703DER0139A,De Ruyter Reservoir,09/03/1990,BS,NA,NA,NA,NA,NA,NA,NA,NA,NA,NA,NA
0703DER0139A,De Ruyter Reservoir,09/05/1988,OW,NA,NA,6.73,NA,NA,NA,NA,NA,NA,NA,NA
0703DER0139A,De Ruyter Reservoir,09/05/1999,BS,NA,NA,NA,NA,NA,NA,NA,NA,NA,NA,NA
0703DER0139A,De Ruyter Reservoir,09/08/1996,BS,NA,NA,NA,NA,NA,NA,NA,NA,NA,NA,NA
0703DER0139A,De Ruyter Reservoir,09/09/2001,BS,NA,NA,NA,NA,NA,NA,NA,NA,NA,NA,NA
0703DER0139A,De Ruyter Reservoir,09/10/1988,OW,NA,NA,6.44,NA,NA,NA,NA,NA,NA,NA,NA
0703DER0139A,De Ruyter Reservoir,09/10/1995,BS,NA,NA,NA,NA,NA,NA,NA,NA,NA,NA,NA
0703DER0139A,De Ruyter Reservoir,09/10/2000,BS,NA,NA,NA,NA,NA,NA,NA,NA,NA,NA,NA
0703DER0139A,De Ruyter Reservoir,09/12/1989,OW,NA,NA,5.88,NA,NA,NA,NA,NA,NA,NA,NA
0703DER0139A,De Ruyter Reservoir,09/12/1993,BS,NA,NA,NA,NA,NA,NA,NA,NA,NA,NA,NA
0703DER0139A,De Ruyter Reservoir,09/13/1992,BS,NA,NA,NA,NA,NA,NA,NA,NA,NA,NA,NA
0703DER0139A,De Ruyter Reservoir,09/14/1997,BS,NA,NA,NA,NA,NA,NA,NA,NA,NA,NA,NA
0703DER0139A,De Ruyter Reservoir,09/15/2013,BS,NA,NA,NA,NA,NA,NA,NA,NA,NA,NA,NA
0703DER0139A,De Ruyter Reservoir,09/16/1990,BS,NA,NA,NA,NA,NA,NA,NA,NA,NA,NA,NA
0703DER0139A,De Ruyter Reservoir,09/16/2012,BS,NA,NA,NA,NA,NA,NA,NA,NA,NA,NA,NA
0703DER0139A,De Ruyter Reservoir,09/17/1989,OW,NA,NA,6.88,NA,NA,NA,NA,NA,NA,NA,NA
0703DER0139A,De Ruyter Reservoir,09/18/1988,OW,NA,NA,4.81,NA,NA,NA,NA,NA,NA,NA,NA
0703DER0139A,De Ruyter Reservoir,09/19/1999,BS,NA,NA,NA,NA,NA,NA,NA,NA,NA,NA,NA
0703DER0139A,De Ruyter Reservoir,09/22/1991,BS,NA,NA,NA,NA,NA,NA,NA,NA,NA,NA,NA
0703DER0139A,De Ruyter Reservoir,09/23/2001,BS,NA,NA,NA,NA,NA,NA,NA,NA,NA,NA,NA
0703DER0139A,De Ruyter Reservoir,09/24/1989,OW,NA,NA,NA,NA,NA,NA,NA,NA,NA,NA,NA
0703DER0139A,De Ruyter Reservoir,09/24/2010,BS,NA,NA,NA,NA,NA,NA,NA,NA,NA,NA,NA
0703DER0139A,De Ruyter Reservoir,09/25/1988,OW,NA,NA,3.4,NA,NA,NA,NA,NA,NA,NA,NA
0703DER0139A,De Ruyter Reservoir,09/30/1990,BS,NA,NA,NA,NA,NA,NA,NA,NA,NA,NA,NA
0703DER0139A,De Ruyter Reservoir,10/09/1989,OW,NA,NA,3.77,NA,NA,NA,NA,NA,NA,NA,NA
0703DER0139A,De Ruyter Reservoir,10/09/1989,BS,NA,NA,NA,NA,NA,NA,8.03,NA,176,11,5
0703DER0139A,De Ruyter Reservoir,10/13/1991,BS,NA,NA,NA,NA,NA,NA,NA,NA,NA,NA,NA